{"revisions":{"0x3d83a3fc64ef0efad31d1d747a5f365e2c8f8fce80a17de94e0de48c64b4756f":{"file_hash":"7a6b5da407c8bd39a39fca3701a2f12de5ef98c0a9c8fbc866c6254777a0a6ba","file_nonce":"b5c68f4c437911129d37755a8e3f488127d9f3fd9c8e727ab154b9d957dd6df4","leaves":[],"local_timestamp":"20250812181653","previous_verification_hash":"","revision_type":"file","version":"https://aqua-protocol.org/docs/v3/schema_2 | SHA256 | Method: scalar"}},"file_index":{"0x3d83a3fc64ef0efad31d1d747a5f365e2c8f8fce80a17de94e0de48c64b4756f":"user_signature_9B1B2_1755022613.png"}}