{"revisions":{"0xb75c8af00cdd5d24b9cb3dca803cf36f9f7a70e59ffeded65bfb24020bfda38c":{"file_hash":"de93ad4ab6162c486e06b6508d574e6158fa0ed936e0c24c24c7af4085a36530","file_nonce":"05b4e70d39a73a9683e2b2790c8dadbdc0c7be3f43f83a2492fba8263517ea11","leaves":[],"local_timestamp":"20250721113429","previous_verification_hash":"","revision_type":"file","version":"https://aqua-protocol.org/docs/v3/schema_2 | SHA256 | Method: scalar"}},"file_index":{"0xb75c8af00cdd5d24b9cb3dca803cf36f9f7a70e59ffeded65bfb24020bfda38c":"Screenshot from 2025-07-20 11-51-27.png"}}