{"revisions":{"0x2c019765de42feb1083e43d17aad8a2b5198746f31a8fe6d11f49bc05090ff3a":{"file_hash":"70293e36a2ad4d8e77e5ea73f5ead6f2cb84e692030d0896afad69eddfbb93a7","file_nonce":"14221722017a0731b6d34d25849ada02c0090c33db8451af2370cb6c1d0d5c6e","leaves":[],"local_timestamp":"20250721112538","previous_verification_hash":"","revision_type":"file","version":"https://aqua-protocol.org/docs/v3/schema_2 | SHA256 | Method: scalar"},"0x8f7707ffd03a552dddcfee7c0c9ea4402440cd6caa105607dd8bb87246b3bf8a":{"leaves":[],"local_timestamp":"20250721112603","previous_verification_hash":"0x2c019765de42feb1083e43d17aad8a2b5198746f31a8fe6d11f49bc05090ff3a","revision_type":"signature","signature":"0xa1e603fdeb95da078bc59990cf452557c9d40cee88a6d796fca7c752055f9b9556a932761a523e69e6ac9255a17b2f035bf3778f11fa55a157c9f15fb52f0dab1c","signature_public_key":"0x04c56c1231c8a69a375c3f81e549413eb0f415cfd56d40c9a5622456a3f77be0625e1fe8a50cb6274e5d0959625bf33f3c8d1606b5782064bad2e4b46c5e2a7428","signature_type":"ethereum:eip-191","signature_wallet_address":"0x254B0D7b63342Fcb8955DB82e95C21d72EFdB6f7","version":"https://aqua-protocol.org/docs/v3/schema_2 | SHA256 | Method: scalar"},"0x391b4ca2aff99d0860f160ceb266d25aba1d0135ce8f4a0f69b4cbbb73fc6ecb":{"leaves":[],"local_timestamp":"20250721112605","previous_verification_hash":"0x8f7707ffd03a552dddcfee7c0c9ea4402440cd6caa105607dd8bb87246b3bf8a","revision_type":"witness","version":"https://aqua-protocol.org/docs/v3/schema_2 | SHA256 | Method: scalar","witness_merkle_proof":["0x8f7707ffd03a552dddcfee7c0c9ea4402440cd6caa105607dd8bb87246b3bf8a"],"witness_merkle_root":"0x8f7707ffd03a552dddcfee7c0c9ea4402440cd6caa105607dd8bb87246b3bf8a","witness_network":"sepolia","witness_sender_account_address":"0x254B0D7b63342Fcb8955DB82e95C21d72EFdB6f7","witness_smart_contract_address":"0x45f59310ADD88E6d23ca58A0Fa7A55BEE6d2a611","witness_timestamp":1753097169,"witness_transaction_hash":"0x3ec2ee17215f3a43a6d556baa9f4e5fced1583f2d2f5136ee2718c6097208dc7"},"0x42d0eff4c3e87b9c74f9c20505db766e076fd8aadcf79377259f47fd5713e85a":{"leaves":[],"link_file_hashes":["81203a9a5f35bb032e68e2e5e8c53c39fb4e39ae7a2d6980df066ac41c59ef9e"],"link_type":"aqua","link_verification_hashes":["0xb75c8af00cdd5d24b9cb3dca803cf36f9f7a70e59ffeded65bfb24020bfda38c"],"local_timestamp":"20250721113435","previous_verification_hash":"0x391b4ca2aff99d0860f160ceb266d25aba1d0135ce8f4a0f69b4cbbb73fc6ecb","revision_type":"link","version":"https://aqua-protocol.org/docs/v3/schema_2 | SHA256 | Method: scalar"}},"file_index":{"0xb75c8af00cdd5d24b9cb3dca803cf36f9f7a70e59ffeded65bfb24020bfda38c":"Screenshot from 2025-07-20 11-51-27.png","0x2c019765de42feb1083e43d17aad8a2b5198746f31a8fe6d11f49bc05090ff3a":"Screenshot from 2025-07-19 14-18-50.png"}}